ID,Description,GeneRatio,BgRatio,pvalue,p.adjust,qvalue,geneID,Count
GO:0006338,chromatin remodeling,29/450,372/15085,2.452765718533309e-6,0.006558578829727601,0.005755990235781487,H1-4/BCOR/EP300/BAZ2B/RESF1/H1-3/FAM172A/BICRAL/SMCHD1/BPTF/PAK1/SMYD3/H1-2/ATRX/NASP/ARID1B/H2BC4/SF3B1/EHMT1/DPF3/RIF1/TRIP12/SKP1/TASOR/ARID2/ERCC6L2/HDAC4/INO80/CFDP1,29
GO:0046629,gamma-delta T cell activation,7/450,23/15085,3.250039063294153e-6,0.006558578829727601,0.005755990235781487,CD247/CD3E/TCF7/KLRC1/NCKAP1L/PTPRC/JAML,7
GO:0150077,regulation of neuroinflammatory response,8/450,34/15085,5.406687167158576e-6,0.00701136731492958,0.006153369937597944,CTSC/ATM/IL6/PTGS2/CD200R1/CCL3/PTPRC/PLCG2,8
GO:0034341,response to type II interferon,15/450,129/15085,6.94882786415221e-6,0.00701136731492958,0.006153369937597944,TXK/XCL2/XCL1/IL23R/SP100/CCL4/CCL3/JAK2/IFNGR1/WAS/CCL20/CD58/NUB1/EPRS1/STX8,15
GO:0034085,establishment of sister chromatid cohesion,5/450,11/15085,9.20052887111384e-6,0.007426666904763091,0.006517848347641699,SMC1A/SMC3/STAG2/NIPBL/STAG1,5
